{
    "mean": -0.2380136,
    "std": 0.07312169
}